{
    "intelligenza artificiale": {
        "data": {},
        "relazioni": {
            "relazioni": [
                "machine learning",
                "neuroscienze"
            ],
            "bias": {
                "conferma": 0.8,
                "disponibilità": 0.7
            }
        },
        "data_imparazione": "2025-06-02T03:20:59.105886",
        "livello_conoscenza": "base"
    },
    "neuroscienze": {
        "data": {},
        "relazioni": {
            "relazioni": [
                "biologia",
                "psicologia"
            ]
        },
        "data_imparazione": "2025-06-02T03:20:59.165887",
        "livello_conoscenza": "base"
    },
    "filosofia della mente": {
        "data": {},
        "relazioni": {
            "relazioni": [
                "filosofia",
                "psicologia"
            ]
        },
        "data_imparazione": "2025-06-02T03:20:59.194577",
        "livello_conoscenza": "base"
    },
    "nuova_conoscenza": {
        "data": {},
        "relazioni": {
            "relazioni": [
                "tecnologia",
                "innovazione"
            ]
        },
        "data_imparazione": "2025-06-02T03:20:59.283926",
        "livello_conoscenza": "base"
    },
    "sviluppo futuro dell'IA": {
        "data": {},
        "relazioni": {},
        "data_imparazione": "2025-06-02T03:20:59.334335",
        "livello_conoscenza": "base"
    }
}