[
    {
        "azione": "impara",
        "concetto": "intelligenza artificiale",
        "timestamp": "2025-06-02T03:20:59.105888"
    },
    {
        "azione": "impara",
        "concetto": "neuroscienze",
        "timestamp": "2025-06-02T03:20:59.165890"
    },
    {
        "azione": "impara",
        "concetto": "filosofia della mente",
        "timestamp": "2025-06-02T03:20:59.194581"
    },
    {
        "azione": "impara",
        "concetto": "nuova_conoscenza",
        "timestamp": "2025-06-02T03:20:59.283930"
    },
    {
        "azione": "impara",
        "concetto": "sviluppo futuro dell'IA",
        "timestamp": "2025-06-02T03:20:59.334340"
    }
]